{
    "1": [
        [
            -4.454828280935244,
            -17.37702201791371,
            0.1792810852899409
        ],
        [
            -9.365664211674233,
            -17.42005658060658,
            0.17974468505688623
        ],
        [
            -9.38734968475374,
            -20.132873346127155,
            0.17974820724652307
        ],
        [
            -4.464533753191652,
            -20.101852826374405,
            0.17926580286253646
        ]
    ],
    "2": [
        [
            -4.489970388434644,
            -20.128779322224496,
            0.18708859151549007
        ],
        [
            -9.418874305800246,
            -20.168591880840648,
            0.1934641848250216
        ],
        [
            -9.408161134233097,
            -22.979313475957465,
            0.17975055845205112
        ],
        [
            -4.4570335586655085,
            -23.004339601505595,
            0.17930900268714467
        ]
    ]
}